<?xml version="1.0" encoding="UTF-8"?>
<metadata xml:lang="en"><Esri><CreaDate>20110317</CreaDate><CreaTime>22392900</CreaTime><ArcGISFormat>1.0</ArcGISFormat><ArcGISstyle>INSPIRE Metadata Directive</ArcGISstyle><SyncOnce>TRUE</SyncOnce><DataProperties><lineage><Process ToolSource="C:\Program Files\ArcGIS\Desktop10.0\ArcToolbox\Toolboxes\Data Management Tools.tbx\CreateFeatureclass" Date="20110317" Time="223929">CreateFeatureclass c:/pythonbook/exercise08 results/newpolyline.shp POLYLINE # DISABLED DISABLED "PROJCS['NAD_1983_StatePlane_Florida_East_FIPS_0901_Feet',GEOGCS['GCS_North_American_1983',DATUM['D_North_American_1983',SPHEROID['GRS_1980',6378137.0,298.257222101]],PRIMEM['Greenwich',0.0],UNIT['Degree',0.0174532925199433]],PROJECTION['Transverse_Mercator'],PARAMETER['False_Easting',656166.6666666665],PARAMETER['False_Northing',0.0],PARAMETER['Central_Meridian',-81.0],PARAMETER['Scale_Factor',0.9999411764705882],PARAMETER['Latitude_Of_Origin',24.33333333333333],UNIT['Foot_US',0.3048006096012192]];-17791300 -41645400 3048.00609601219;-100000 10000;-100000 10000;3.28083333333333E-03;0.001;0.001;IsHighPrecision" # 0 0 0</Process></lineage></DataProperties></Esri></metadata>
